Session,Date,Period,Movement,Distance,Duration,Passengers,Earnings,Tips,Cancel,Shared,TrueShared,Conversation,Origin,Goal,RatingConversation,RatingRoute,RatingComfortability,DOW,Month,StartTime,PickupTime,EndTime,TimeLabel,StartLocation,StartGas,EndGas,GasUsage,Wage,RatingSum,RatingMean
1,2019-06-19T00:00:00Z,Search,Idle,0,4,NA,NA,NA,NA,NA,NA,NA,NA,NA,NA,NA,NA,3,6,17.616666666666667,NA,17.683333333333334,Other,La Jolla Shores,6.4,6.4,0,NA,NA,NA
1,2019-06-19T00:00:00Z,Drive,Drive,4.78,15,2,6.49,0,FALSE,TRUE,0,FALSE,Social,Home,NA,NA,NA,3,6,17.683333333333334,17.766666666666666,18.016666666666666,Other,La Jolla Shores,6.4,6.8,0.39999999999999947,25.96,NA,NA
1,2019-06-19T00:00:00Z,Search,Inference,0.1,1,NA,NA,NA,NA,NA,NA,NA,NA,NA,NA,NA,NA,3,6,18.016666666666666,NA,18.033333333333335,Other,Eastgate,6.8,6.9,0.10000000000000053,NA,NA,NA
1,2019-06-19T00:00:00Z,Drive,Drive,1.32,7.8,1,3,0,FALSE,TRUE,0,FALSE,Work,Food,NA,NA,NA,3,6,18.033333333333335,18.116666666666667,18.266666666666666,EveningCommute,Eastgate,6.9,7.1,0.1999999999999993,23.076923076923077,NA,NA
1,2019-06-19T00:00:00Z,Search,Inference,0.25,8,NA,NA,NA,NA,NA,NA,NA,NA,NA,NA,NA,NA,3,6,18.266666666666666,NA,18.4,Other,UTC,7.1,7.1,0,NA,NA,NA
1,2019-06-19T00:00:00Z,Drive,Drive,1.81,5.5,1,3,1,FALSE,TRUE,0,TRUE,Home,Social,NA,NA,NA,3,6,18.4,18.466666666666665,18.55,Other,UTC,7.1,7.22,0.1200000000000001,43.63636363636363,NA,NA
1,2019-06-19T00:00:00Z,Return,Home,1.1,3,NA,NA,NA,NA,NA,NA,NA,NA,NA,NA,NA,NA,3,6,18.55,NA,18.6,Other,La Jolla Village,7.22,7.3,0.08000000000000007,NA,NA,NA
2,2019-06-20T00:00:00Z,Search,Idle,0,4,NA,NA,NA,NA,NA,NA,NA,NA,NA,NA,NA,NA,4,6,13.633333333333333,NA,13.7,Other,UCSD,7.58,7.58,0,NA,NA,NA
2,2019-06-20T00:00:00Z,Drive,Drive,2.66,8.72,2,3.7,2,FALSE,FALSE,0,TRUE,Leisure,Leisure,NA,NA,NA,4,6,13.7,13.75,13.9,Other,Scripps,7.58,7.81,0.22999999999999954,39.220183486238525,NA,NA
2,2019-06-20T00:00:00Z,Search,Inference,3.8,25,NA,NA,NA,NA,NA,NA,NA,NA,NA,NA,NA,NA,4,6,13.9,NA,14.316666666666666,Other,La Jolla,7.81,7.98,0.17000000000000082,NA,NA,NA
2,2019-06-20T00:00:00Z,Drive,Drive,10.65,22.37,1,11.98,0,FALSE,TRUE,0,TRUE,Work,Home,NA,NA,NA,4,6,14.316666666666666,14.4,14.766666666666667,AfternoonCommute,Bird Rock,7.98,8.52,0.5399999999999991,32.13232007152436,NA,NA
2,2019-06-20T00:00:00Z,Search,Inference,0.5,8,NA,NA,NA,NA,NA,NA,NA,NA,NA,NA,NA,NA,4,6,14.766666666666667,NA,14.9,Other,Eastgate,8.52,8.58,0.0600000000000005,NA,NA,NA
2,2019-06-20T00:00:00Z,Drive,Drive,1.7,4.7,1,4.25,0,FALSE,TRUE,0,FALSE,Work,Home,NA,NA,NA,4,6,14.9,15.033333333333333,15.1,AfternoonCommute,Eastgate,8.58,8.77,0.1899999999999995,54.25531914893617,NA,NA
2,2019-06-20T00:00:00Z,Search,None,0,0,NA,NA,NA,NA,NA,NA,NA,NA,NA,NA,NA,NA,4,6,15.1,NA,15.1,Other,Eastgate,8.77,8.77,0,NA,NA,NA
2,2019-06-20T00:00:00Z,Drive,Drive,14.59,35.57,1,17.53,0,FALSE,FALSE,0,FALSE,Work,Home,NA,NA,NA,4,6,15.1,15.183333333333334,15.766666666666667,EveningCommute,Eastgate,8.77,9.44,0.6699999999999999,29.569862243463596,NA,NA
2,2019-06-20T00:00:00Z,Search,Home,15.2,20,NA,NA,NA,NA,NA,NA,NA,NA,NA,NA,NA,NA,4,6,15.766666666666667,NA,16.416666666666668,Other,City Heights,9.44,10.38,0.9400000000000013,NA,NA,NA
3,2019-06-20T00:00:00Z,Search,Inference,0.5,4,NA,NA,NA,NA,NA,NA,NA,NA,NA,NA,NA,NA,4,6,21.25,NA,21.316666666666666,Other,UCSD,9.9,9.98,0.08000000000000007,NA,NA,NA
3,2019-06-20T00:00:00Z,Drive,Drive,2.21,8.25,1,3.3,0,FALSE,TRUE,0,FALSE,School,Home,NA,NA,NA,4,6,21.316666666666666,21.333333333333332,21.483333333333334,Other,UCSD,9.98,10.16,0.17999999999999972,23.999999999999996,NA,NA
3,2019-06-20T00:00:00Z,Search,Idle,0,8,NA,NA,NA,NA,NA,NA,NA,NA,NA,NA,NA,NA,4,6,21.483333333333334,NA,21.616666666666667,Other,UTC,10.16,10.16,0,NA,NA,NA
3,2019-06-20T00:00:00Z,Drive,Drive,15.67,28.74,2,16.69,0,FALSE,TRUE,1,TRUE,Home,Social,NA,NA,NA,4,6,21.616666666666667,21.666666666666668,22.15,Other,UTC,10.16,11.3,1.1400000000000006,34.84342379958247,NA,NA
3,2019-06-20T00:00:00Z,Search,Home,18.6,21,NA,NA,NA,NA,NA,NA,NA,NA,NA,NA,NA,NA,4,6,22.15,NA,22.5,Other,Gaslamp,11.3,12.35,1.049999999999999,NA,NA,NA
4,2019-06-21T00:00:00Z,Search,Idle,0,7,NA,NA,NA,NA,NA,NA,NA,NA,NA,NA,NA,NA,5,6,13.166666666666666,NA,13.283333333333333,Other,UCSD,11.51,11.51,0,NA,NA,NA
4,2019-06-21T00:00:00Z,Drive,Drive,12.75,20.3,3,12.89,0,FALSE,FALSE,0,FALSE,School,Leisure,NA,NA,NA,5,6,13.283333333333333,13.383333333333333,13.716666666666667,Other,UCSD,11.51,12.05,0.5400000000000009,38.09852216748769,NA,NA
4,2019-06-21T00:00:00Z,Search,None,0,0,NA,NA,NA,NA,NA,NA,NA,NA,NA,NA,NA,NA,5,6,13.716666666666667,NA,13.716666666666667,Other,Mission Valley,12.05,12.05,0,NA,NA,NA
4,2019-06-21T00:00:00Z,Drive,Drive,6.61,15.3,1,7.76,0,FALSE,FALSE,0,FALSE,Leisure,Hotel,NA,NA,NA,5,6,13.716666666666667,13.783333333333333,14.033333333333333,Other,Mission Valley,12.05,12.35,0.29999999999999893,30.431372549019606,NA,NA
4,2019-06-21T00:00:00Z,Search,Idle,0,1,NA,NA,NA,NA,NA,NA,NA,NA,NA,NA,NA,NA,5,6,14.033333333333333,NA,14.05,Other,Barrio Logan,12.35,12.38,0.030000000000001137,NA,NA,NA
4,2019-06-21T00:00:00Z,Drive,Drive,3.57,12.78,1,5.21,2,FALSE,TRUE,0,FALSE,Leisure,Hotel,NA,NA,NA,5,6,14.05,14.133333333333333,14.35,Other,Barrio Logan,12.38,12.61,0.22999999999999865,33.84976525821597,NA,NA
4,2019-06-21T00:00:00Z,Search,Idle,0,0,NA,NA,NA,NA,NA,NA,NA,NA,NA,NA,NA,NA,5,6,14.35,NA,14.35,Other,Marina,12.61,12.61,0,NA,NA,NA
4,2019-06-21T00:00:00Z,Drive,Drive,11.15,31,1,14.22,2.9,FALSE,FALSE,0,FALSE,Hotel,Food,NA,NA,NA,5,6,14.35,14.383333333333333,14.9,Other,Marina,12.61,13,0.39000000000000057,33.13548387096775,NA,NA
4,2019-06-21T00:00:00Z,Search,Home,18,46,NA,NA,NA,NA,NA,NA,NA,NA,NA,NA,NA,NA,5,6,14.9,NA,15.666666666666666,Other,SDSU,13,14,1,NA,NA,NA
5,2019-06-23T00:00:00Z,Search,Hotspot,5.8,14,NA,NA,NA,NA,NA,NA,NA,NA,NA,NA,NA,NA,7,6,18.333333333333332,NA,18.566666666666666,Other,La Jolla Shores,0.4,0.58,0.17999999999999994,NA,NA,NA
5,2019-06-23T00:00:00Z,Drive,Drive,12.45,23.75,4,13.46,5.16,FALSE,FALSE,0,FALSE,Social,Social,NA,NA,NA,7,6,18.566666666666666,18.616666666666667,19.016666666666666,Nightlife,Pacific Beach,0.58,1.1,0.5200000000000001,47.04,NA,NA
5,2019-06-23T00:00:00Z,Search,Hotspot,0.25,4,NA,NA,NA,NA,NA,NA,NA,NA,NA,NA,NA,NA,7,6,19.016666666666666,NA,19.083333333333332,Other,South Park,1.1,1.15,0.04999999999999982,NA,NA,NA
5,2019-06-23T00:00:00Z,Drive,Drive,4.12,7.92,2,4.47,2,FALSE,FALSE,0,TRUE,Home,Social,NA,NA,NA,7,6,19.083333333333332,19.15,19.283333333333335,Nightlife,South Park,1.15,1.48,0.33000000000000007,49.015151515151516,NA,NA
5,2019-06-23T00:00:00Z,Search,Idle,0.1,3,NA,NA,NA,NA,NA,NA,NA,NA,NA,NA,NA,NA,7,6,19.283333333333335,NA,19.333333333333332,Other,Mission Hills,1.48,1.5,0.020000000000000018,NA,NA,NA
5,2019-06-23T00:00:00Z,Drive,Drive,10.08,12.83,2,9.46,5,FALSE,FALSE,0,TRUE,Social,Home,NA,NA,NA,7,6,19.333333333333332,19.383333333333333,19.6,Other,Mission Hills,1.5,1.84,0.3400000000000001,67.62275915822292,NA,NA
5,2019-06-23T00:00:00Z,Search,Inference,3.8,7,NA,NA,NA,NA,NA,NA,NA,NA,NA,NA,NA,NA,7,6,19.6,NA,19.716666666666665,Other,University City,1.84,1.95,0.10999999999999988,NA,NA,NA
5,2019-06-23T00:00:00Z,Drive,Drive,9.68,20.12,1,10.84,0,FALSE,TRUE,0,FALSE,Social,Food,NA,NA,NA,7,6,19.716666666666665,19.8,20.133333333333333,Other,La Jolla Shores,1.95,2.4,0.44999999999999996,32.32604373757455,NA,NA
5,2019-06-23T00:00:00Z,Search,Idle,0.2,7,NA,NA,NA,NA,NA,NA,NA,NA,NA,NA,NA,NA,7,6,20.133333333333333,NA,20.25,Other,Miramar,2.4,2.45,0.050000000000000266,NA,NA,NA
5,2019-06-23T00:00:00Z,Drive,Drive,3.48,11.22,1,4.8,0,FALSE,TRUE,0,FALSE,Food,Home,NA,NA,NA,7,6,20.25,20.3,20.483333333333334,Other,Miramar,2.45,2.68,0.22999999999999998,25.668449197860962,NA,NA
5,2019-06-23T00:00:00Z,Search,Inference,15,52,NA,NA,NA,NA,NA,NA,NA,NA,NA,NA,NA,NA,7,6,20.483333333333334,NA,21.35,Other,Mira Mesa,2.68,3.29,0.6099999999999999,NA,NA,NA
5,2019-06-23T00:00:00Z,Return,Home,7.2,17,NA,NA,NA,NA,NA,NA,NA,NA,NA,NA,NA,NA,7,6,21.35,NA,21.633333333333333,Other,Pacific Beach,3.29,3.6,0.31000000000000005,NA,NA,NA
6,2019-06-24T00:00:00Z,Search,Hotspot,10.1,21,NA,NA,NA,NA,NA,NA,NA,NA,NA,NA,NA,NA,1,6,17.6,NA,17.95,Other,UCSD,3.63,4,0.3700000000000001,NA,NA,NA
6,2019-06-24T00:00:00Z,Drive,Drive,1.2,7.5,1,3,3,FALSE,FALSE,0,TRUE,Social,Hotel,NA,NA,NA,1,6,17.95,17.966666666666665,18.083333333333332,Other,Old Town,4,4.15,0.15000000000000036,48,NA,NA
6,2019-06-24T00:00:00Z,Search,Idle,0,0,NA,NA,NA,NA,NA,NA,NA,NA,NA,NA,NA,NA,1,6,18.083333333333332,NA,18.083333333333332,Other,Old Town,4.15,4.15,0,NA,NA,NA
6,2019-06-24T00:00:00Z,Drive,Drive,9.6,14.23,2,9.46,0,FALSE,FALSE,0,FALSE,Social,Hotel,NA,NA,NA,1,6,18.083333333333332,18.116666666666667,18.35,Other,Old Town,4.15,4.42,0.2699999999999996,39.88756148981027,NA,NA
6,2019-06-24T00:00:00Z,Search,Idle,0,3,NA,NA,NA,NA,NA,NA,NA,NA,NA,NA,NA,NA,1,6,18.35,NA,18.4,Other,SDSU,4.42,4.44,0.020000000000000462,NA,NA,NA
6,2019-06-24T00:00:00Z,Drive,Drive,13.93,24,3,14.49,4.1,FALSE,FALSE,0,TRUE,Home,Social,NA,NA,NA,1,6,18.4,18.45,18.85,Other,SDSU,4.44,4.98,0.54,46.475,NA,NA
6,2019-06-24T00:00:00Z,Return,Home,8.4,23,NA,NA,NA,NA,NA,NA,NA,NA,NA,NA,NA,NA,1,6,18.85,NA,19.233333333333334,Other,Pacific Beach,4.98,5.39,0.40999999999999925,NA,NA,NA
7,2019-06-25T00:00:00Z,Search,Inference,1.4,9,NA,NA,NA,NA,NA,NA,NA,NA,NA,NA,NA,NA,2,6,7.666666666666667,NA,7.816666666666666,Other,UCSD,5.39,5.45,0.0600000000000005,NA,NA,NA
7,2019-06-25T00:00:00Z,Drive,Drive,3.1,10,1,4.33,0,FALSE,FALSE,0,FALSE,Hotel,Work,NA,NA,NA,2,6,7.816666666666666,7.866666666666667,8.033333333333333,MorningCommute,UTC,5.45,5.68,0.22999999999999954,25.98,NA,NA
7,2019-06-25T00:00:00Z,Search,Inference,0.5,1,NA,NA,NA,NA,NA,NA,NA,NA,NA,NA,NA,NA,2,6,8.033333333333333,NA,8.05,Other,Torrey Pines,5.68,5.68,0,NA,NA,NA
7,2019-06-25T00:00:00Z,Drive,Drive,4.75,15,1,6.49,2,FALSE,FALSE,0,TRUE,Hotel,Work,NA,NA,NA,2,6,8.05,8.1,8.35,MorningCommute,Torrey Pines,5.68,5.96,0.28000000000000025,33.96,NA,NA
7,2019-06-25T00:00:00Z,Search,Hotspot,0.8,3,NA,NA,NA,NA,NA,NA,NA,NA,NA,NA,NA,NA,2,6,8.35,NA,8.4,Other,Eastgate,5.96,6.01,0.04999999999999982,NA,NA,NA
7,2019-06-25T00:00:00Z,Drive,Drive,2.03,11,1,3.84,0,FALSE,FALSE,0,TRUE,Home,Work,NA,NA,NA,2,6,8.4,8.5,8.683333333333334,MorningCommute,UTC,6.01,6.23,0.22000000000000064,20.945454545454542,NA,NA
7,2019-06-25T00:00:00Z,Return,Home,1.4,7,NA,NA,NA,NA,NA,NA,NA,NA,NA,NA,NA,NA,2,6,8.683333333333334,NA,8.8,Other,UCSD,6.23,6.31,0.07999999999999918,NA,NA,NA
8,2019-06-26T00:00:00Z,Search,Inference,5.4,17,NA,NA,NA,NA,NA,NA,NA,NA,NA,NA,NA,NA,3,6,10.95,NA,11.233333333333333,Other,UCSD,7.2,7.45,0.25,NA,NA,NA
8,2019-06-26T00:00:00Z,Drive,Drive,14.98,22.08,1,14.75,0,FALSE,TRUE,0,FALSE,Home,Airport,NA,NA,NA,3,6,11.233333333333333,11.266666666666667,11.633333333333333,Other,UTC,7.45,8,0.5499999999999998,40.08152173913044,NA,NA
8,2019-06-26T00:00:00Z,Search,Inference,0.4,1,NA,NA,NA,NA,NA,NA,NA,NA,NA,NA,NA,NA,3,6,11.633333333333333,NA,11.65,Other,Airport,8,8.1,0.09999999999999964,NA,NA,NA
8,2019-06-26T00:00:00Z,Drive,Drive,17.41,22.67,1,16.45,4,FALSE,FALSE,0,TRUE,Airport,Work,NA,NA,NA,3,6,11.65,11.833333333333334,12.216666666666667,AfternoonCommute,Airport,8.1,8.62,0.5199999999999996,54.124393471548295,NA,NA
8,2019-06-26T00:00:00Z,Search,Idle,0,9,NA,NA,NA,NA,NA,NA,NA,NA,NA,NA,NA,NA,3,6,12.216666666666667,NA,12.366666666666667,Other,Miramar,8.62,8.62,0,NA,NA,NA
8,2019-06-26T00:00:00Z,Drive,Drive,1.33,6.25,1,4.5,0,FALSE,TRUE,0,TRUE,Home,Food,NA,NA,NA,3,6,12.366666666666667,12.516666666666667,12.616666666666667,Other,Miramar,8.62,8.83,0.21000000000000085,43.199999999999996,NA,NA
8,2019-06-26T00:00:00Z,Search,Home,7.9,39,NA,NA,NA,NA,NA,NA,NA,NA,NA,NA,NA,NA,3,6,12.616666666666667,NA,13.266666666666667,Other,Mira Mesa,8.83,9.13,0.3000000000000007,NA,NA,NA
8,2019-06-26T00:00:00Z,Drive,Drive,3.99,14.55,1,5.88,0,FALSE,TRUE,0,FALSE,Work,Home,NA,NA,NA,3,6,13.266666666666667,13.3,13.533333333333333,AfternoonCommute,Torrey Pines,9.13,9.43,0.29999999999999893,24.247422680412367,NA,NA
8,2019-06-26T00:00:00Z,Search,Idle,0,1,NA,NA,NA,NA,NA,NA,NA,NA,NA,NA,NA,NA,3,6,13.533333333333333,NA,13.55,Other,Eastgate,9.43,9.45,0.019999999999999574,NA,NA,NA
8,2019-06-26T00:00:00Z,Drive,Drive,11.04,19.28,2,11.54,0,FALSE,FALSE,0,TRUE,Social,Home,NA,NA,NA,3,6,13.55,13.6,13.916666666666666,Other,Eastgate,9.45,9.87,0.41999999999999993,35.91286307053941,NA,NA
8,2019-06-26T00:00:00Z,Search,Home,7.2,28,NA,NA,NA,NA,NA,NA,NA,NA,NA,NA,NA,NA,3,6,13.916666666666666,NA,14.383333333333333,Other,Pacific Beach,9.87,10.23,0.3600000000000012,NA,NA,NA
9,2019-06-27T00:00:00Z,Search,Idle,0.1,3,NA,NA,NA,NA,NA,NA,NA,NA,NA,NA,NA,NA,4,6,16.1,NA,16.15,Other,UCSD,0.31,0.33,0.020000000000000018,NA,NA,NA
9,2019-06-27T00:00:00Z,Drive,Drive,3.17,12.4,4,4.86,0,FALSE,FALSE,0,FALSE,Leisure,Home,NA,NA,NA,4,6,16.15,16.25,16.466666666666665,Other,La Jolla Shores,0.33,0.62,0.29,23.516129032258068,NA,NA
9,2019-06-27T00:00:00Z,Search,Inference,0.1,0.5,NA,NA,NA,NA,NA,NA,NA,NA,NA,NA,NA,NA,4,6,16.466666666666665,NA,16.466666666666665,Other,UTC,0.62,0.63,0.010000000000000009,NA,NA,NA
9,2019-06-27T00:00:00Z,Drive,Drive,0.5,4.34,1,3,0,FALSE,FALSE,0,FALSE,Home,Home,NA,NA,NA,4,6,16.466666666666665,16.5,16.583333333333332,Other,UTC,0.63,0.7,0.06999999999999995,41.474654377880185,NA,NA
9,2019-06-27T00:00:00Z,Search,Idle,0,0,NA,NA,NA,NA,NA,NA,NA,NA,NA,NA,NA,NA,4,6,16.583333333333332,NA,16.583333333333332,Other,UTC,0.7,0.7,0,NA,NA,NA
9,2019-06-27T00:00:00Z,Drive,Drive,1.69,6.13,1,3,0,FALSE,TRUE,0,FALSE,Food,Home,NA,NA,NA,4,6,16.583333333333332,16.666666666666668,16.766666666666666,Other,La Jolla Village,0.7,0.86,0.16000000000000003,29.363784665579118,NA,NA
9,2019-06-27T00:00:00Z,Search,Inference,1,5,NA,NA,NA,NA,NA,NA,NA,NA,NA,NA,NA,NA,4,6,16.766666666666666,NA,16.85,Other,La Jolla Colony,0.86,0.95,0.08999999999999997,NA,NA,NA
9,2019-06-27T00:00:00Z,Drive,Drive,4.83,12.58,1,5.99,2,FALSE,TRUE,0,TRUE,Home,Social,NA,NA,NA,4,6,16.85,16.883333333333333,17.1,Other,La Jolla Colony,0.95,1.19,0.24,38.10810810810811,NA,NA
9,2019-06-27T00:00:00Z,Search,Inference,1.3,9,NA,NA,NA,NA,NA,NA,NA,NA,NA,NA,NA,NA,4,6,17.1,NA,17.25,Other,Miramar,1.19,1.29,0.10000000000000009,NA,NA,NA
9,2019-06-27T00:00:00Z,Drive,Drive,2.63,18.67,1,5.92,2,FALSE,FALSE,0,TRUE,Work,Hotel,NA,NA,NA,4,6,17.25,17.316666666666666,17.633333333333333,EveningCommute,Eastgate,1.29,1.57,0.28,25.45259775040171,NA,NA
9,2019-06-27T00:00:00Z,Return,Home,1,6,NA,NA,NA,NA,NA,NA,NA,NA,NA,NA,NA,NA,4,6,17.633333333333333,NA,17.733333333333334,Other,La Jolla Village,1.57,1.66,0.08999999999999986,NA,NA,NA
10,2019-06-27T00:00:00Z,Search,Idle,0,3,NA,NA,NA,NA,NA,NA,NA,NA,NA,NA,NA,NA,4,6,20.25,NA,20.3,Other,La Jolla Shores,1.73,1.73,0,NA,NA,NA
10,2019-06-27T00:00:00Z,Drive,Drive,5.31,10.88,1,5.92,0,FALSE,TRUE,0,TRUE,Work,Leisure,NA,NA,NA,4,6,20.3,20.366666666666667,20.55,Other,La Jolla Shores,1.73,1.96,0.22999999999999998,32.64705882352941,NA,NA
10,2019-06-27T00:00:00Z,Search,Idle,0,7,NA,NA,NA,NA,NA,NA,NA,NA,NA,NA,NA,NA,4,6,20.55,NA,20.666666666666668,Other,Sorrento Valley,1.96,1.96,0,NA,NA,NA
10,2019-06-27T00:00:00Z,Drive,Drive,5.46,11.32,1,6.11,0,FALSE,TRUE,0,TRUE,Leisure,Work,NA,NA,NA,4,6,20.666666666666668,20.666666666666668,20.85,Other,Sorrento Valley,1.96,2.19,0.22999999999999998,32.3851590106007,NA,NA
10,2019-06-27T00:00:00Z,Search,None,0,0,NA,NA,NA,NA,NA,NA,NA,NA,NA,NA,NA,NA,4,6,20.85,NA,20.816666666666666,Other,La Jolla Shores,2.19,2.19,0,NA,NA,NA
10,2019-06-27T00:00:00Z,Drive,Drive,0.86,3.7,2,3,0,FALSE,FALSE,0,TRUE,Food,Food,NA,NA,NA,4,6,20.816666666666666,20.933333333333334,20.983333333333334,Other,La Jolla,2.19,2.32,0.1299999999999999,48.648648648648646,NA,NA
10,2019-06-27T00:00:00Z,Search,None,0,0,NA,NA,NA,NA,NA,NA,NA,NA,NA,NA,NA,NA,4,6,20.983333333333334,NA,20.933333333333334,Other,La Jolla,2.32,2.32,0,NA,NA,NA
10,2019-06-27T00:00:00Z,Drive,Drive,3.18,9.25,1,4.15,3,FALSE,FALSE,0,TRUE,Social,Home,NA,NA,NA,4,6,20.933333333333334,21.033333333333335,21.2,Other,La Jolla,2.32,2.47,0.15000000000000036,46.378378378378386,NA,NA
10,2019-06-27T00:00:00Z,Search,Inference,1.5,9,NA,NA,NA,NA,NA,NA,NA,NA,NA,NA,NA,NA,4,6,21.2,NA,21.35,Other,Pacific Beach,2.47,2.65,0.17999999999999972,NA,NA,NA
10,2019-06-27T00:00:00Z,Drive,Drive,3.74,7.62,2,4.16,0,FALSE,TRUE,0,TRUE,Home,Home,NA,NA,NA,4,6,21.35,21.4,21.516666666666666,Other,Pacific Beach,2.65,2.81,0.16000000000000014,32.75590551181102,NA,NA
10,2019-06-27T00:00:00Z,Search,Idle,0,4,NA,NA,NA,NA,NA,NA,NA,NA,NA,NA,NA,NA,4,6,21.516666666666666,NA,21.583333333333332,Other,Clairemont,2.81,2.83,0.020000000000000018,NA,NA,NA
10,2019-06-27T00:00:00Z,Drive,Drive,3.14,6.8,2,3.58,2,FALSE,TRUE,0,TRUE,Home,Home,NA,NA,NA,4,6,21.583333333333332,21.633333333333333,21.75,Other,Clairemont,2.83,2.94,0.10999999999999988,49.235294117647065,NA,NA
10,2019-06-27T00:00:00Z,Return,Home,5.2,12,NA,NA,NA,NA,NA,NA,NA,NA,NA,NA,NA,NA,4,6,21.75,NA,21.95,Other,Pacific Beach,2.94,3.14,0.20000000000000018,NA,NA,NA
11,2019-06-29T00:00:00Z,Search,Idle,0,0,NA,NA,NA,NA,NA,NA,NA,NA,NA,NA,NA,NA,6,6,16.45,NA,16.45,Other,La Jolla Shores,4.68,4.68,0,NA,NA,NA
11,2019-06-29T00:00:00Z,Drive,Drive,14.68,20.7,2,14.25,0,FALSE,TRUE,0,TRUE,Leisure,Hotel,NA,NA,NA,6,6,16.45,16.483333333333334,16.816666666666666,Tourism,La Jolla Shores,4.68,5.15,0.47000000000000064,41.30434782608695,NA,NA
11,2019-06-29T00:00:00Z,Search,Inference,1,7,NA,NA,NA,NA,NA,NA,NA,NA,NA,NA,NA,NA,6,6,16.816666666666666,NA,16.933333333333334,Other,Barrio Logan,5.15,5.22,0.0699999999999994,NA,NA,NA
11,2019-06-29T00:00:00Z,Drive,Drive,1.63,9,1,3.08,0,FALSE,FALSE,0,FALSE,Home,Food,NA,NA,NA,6,6,16.933333333333334,16.95,17.1,Other,Gaslamp,5.22,5.37,0.15000000000000036,20.533333333333335,NA,NA
11,2019-06-29T00:00:00Z,Search,Inference,2.3,12,NA,NA,NA,NA,NA,NA,NA,NA,NA,NA,NA,NA,6,6,17.1,NA,17.3,Other,Bankers Hill,5.37,5.49,0.1200000000000001,NA,NA,NA
11,2019-06-29T00:00:00Z,Drive,Drive,6.13,13.5,2,7.04,0,FALSE,FALSE,0,TRUE,Hotel,Leisure,NA,NA,NA,6,6,17.3,17.35,17.583333333333332,Tourism,Mission Hills,5.49,5.79,0.2999999999999998,31.28888888888889,NA,NA
11,2019-06-29T00:00:00Z,Search,Inference,1.2,7,NA,NA,NA,NA,NA,NA,NA,NA,NA,NA,NA,NA,6,6,17.583333333333332,NA,17.7,Other,Balboa Park,5.79,5.86,0.07000000000000028,NA,NA,NA
11,2019-06-29T00:00:00Z,Drive,Drive,2.2,13.08,1,4.38,0,FALSE,TRUE,0,FALSE,Leisure,Food,NA,NA,NA,6,6,17.7,17.75,17.966666666666665,Other,Balboa Park,5.86,6.02,0.15999999999999925,20.091743119266056,NA,NA
11,2019-06-29T00:00:00Z,Search,Idle,0.05,6,NA,NA,NA,NA,NA,NA,NA,NA,NA,NA,NA,NA,6,6,17.966666666666665,NA,18.066666666666666,Other,Little Italy,6.02,6.08,0.0600000000000005,NA,NA,NA
11,2019-06-29T00:00:00Z,Drive,Drive,6.87,17.7,4,8.39,0,FALSE,FALSE,0,TRUE,Social,Hotel,NA,NA,NA,6,6,18.066666666666666,18.133333333333333,18.416666666666668,Other,Little Italy,6.08,6.39,0.3099999999999996,28.4406779661017,NA,NA
11,2019-06-29T00:00:00Z,Search,Idle,0,1,NA,NA,NA,NA,NA,NA,NA,NA,NA,NA,NA,NA,6,6,18.416666666666668,NA,18.433333333333334,Other,Coronado,6.39,6.4,0.010000000000000675,NA,NA,NA
11,2019-06-29T00:00:00Z,Drive,Drive,6.3,10.83,1,6.55,4,FALSE,FALSE,0,TRUE,Work,Home,NA,NA,NA,6,6,18.433333333333334,18.516666666666666,18.7,Other,Coronado,6.4,6.69,0.29000000000000004,58.44875346260389,NA,NA
11,2019-06-29T00:00:00Z,Return,Home,13.1,20,NA,NA,NA,NA,NA,NA,NA,NA,NA,NA,NA,NA,6,6,18.7,NA,19.033333333333335,Other,Bankers Hill,6.69,7.1,0.40999999999999925,NA,NA,NA
12,2019-07-01T00:00:00Z,Search,Inference,1.8,9,NA,NA,NA,NA,NA,NA,NA,NA,NA,NA,NA,NA,1,7,7.083333333333333,NA,7.233333333333333,Other,UCSD,7.34,7.43,0.08999999999999986,NA,NA,NA
12,2019-07-01T00:00:00Z,Drive,Drive,14.01,19.85,1,13.61,0,FALSE,FALSE,0,FALSE,Home,Airport,NA,NA,NA,1,7,7.233333333333333,7.266666666666667,7.6,Other,UTC,7.43,7.89,0.45999999999999996,41.13853904282115,NA,NA
12,2019-07-01T00:00:00Z,Search,Inference,4.9,20,NA,NA,NA,NA,NA,NA,NA,NA,NA,NA,NA,NA,1,7,7.6,NA,7.933333333333334,Other,Airport,7.89,8.1,0.20999999999999996,NA,NA,NA
12,2019-07-01T00:00:00Z,Search,Inference,1.5,29,NA,NA,NA,NA,NA,NA,NA,NA,NA,NA,NA,NA,1,7,7.933333333333334,NA,8.416666666666666,Other,Marina,8.1,8.22,0.120000000000001,NA,NA,NA
12,2019-07-01T00:00:00Z,Drive,Drive,10.57,13.18,1,9.87,0,FALSE,FALSE,0,FALSE,Home,Work,NA,NA,NA,1,7,8.416666666666666,8.45,8.666666666666666,MorningCommute,East Village,8.22,8.66,0.4399999999999995,44.931714719271625,NA,NA
12,2019-07-01T00:00:00Z,Search,Idle,0.1,2,NA,NA,NA,NA,NA,NA,NA,NA,NA,NA,NA,NA,1,7,8.666666666666666,NA,8.7,Other,La Mesa,8.66,8.66,0,NA,NA,NA
12,2019-07-01T00:00:00Z,Drive,Drive,0,0,NA,NA,NA,TRUE,NA,NA,NA,NA,NA,NA,NA,NA,1,7,8.7,8.7,8.7,Other,La Mesa,8.66,8.66,0,NA,NA,NA
12,2019-07-01T00:00:00Z,Search,Idle,0,6,NA,NA,NA,NA,NA,NA,NA,NA,NA,NA,NA,NA,1,7,8.7,NA,8.8,Other,La Mesa,8.66,8.66,0,NA,NA,NA
12,2019-07-01T00:00:00Z,Drive,Drive,14.23,16.75,1,13.06,0,FALSE,TRUE,0,FALSE,Work,Airport,NA,NA,NA,1,7,8.8,8.916666666666666,9.2,Other,La Mesa,8.66,9.1,0.4399999999999995,46.78208955223881,NA,NA
12,2019-07-01T00:00:00Z,Search,Home,12,26,NA,NA,NA,NA,NA,NA,NA,NA,NA,NA,NA,NA,1,7,9.2,NA,9.633333333333333,Other,Airport,9.1,9.55,0.45000000000000107,NA,NA,NA
13,2019-07-05T00:00:00Z,Search,Idle,0,0,NA,NA,NA,NA,NA,NA,NA,NA,NA,NA,NA,NA,5,7,15.483333333333333,NA,15.483333333333333,Other,UCSD,10.32,10.32,0,NA,NA,NA
13,2019-07-05T00:00:00Z,Drive,Drive,2.73,9.28,2,3.87,3,FALSE,FALSE,0,TRUE,Leisure,Home,NA,NA,NA,5,7,15.483333333333333,15.616666666666667,15.766666666666667,Other,La Jolla Shores,10.32,10.53,0.20999999999999908,44.418103448275865,NA,NA
13,2019-07-05T00:00:00Z,Search,None,0,0,NA,NA,NA,NA,NA,NA,NA,NA,NA,NA,NA,NA,5,7,15.766666666666667,NA,15.766666666666667,Other,UCSD,10.53,10.53,0,NA,NA,NA
13,2019-07-05T00:00:00Z,Drive,Drive,4.48,15.77,2,6.46,2,FALSE,TRUE,1,TRUE,School,Home,NA,NA,NA,5,7,15.766666666666667,15.8,16.066666666666666,Other,UCSD,10.53,10.81,0.28000000000000114,32.18769816106532,NA,NA
13,2019-07-05T00:00:00Z,Search,None,0.25,2,NA,NA,NA,NA,NA,NA,NA,NA,NA,NA,NA,NA,5,7,16.066666666666666,NA,16.1,Other,Eastgate,10.81,10.81,0,NA,NA,NA
13,2019-07-05T00:00:00Z,Drive,Drive,0.76,6.42,1,4.5,0,FALSE,TRUE,0,FALSE,Home,Work,NA,NA,NA,5,7,16.1,16.25,16.366666666666667,Other,Eastgate,10.81,11.03,0.21999999999999886,42.05607476635514,NA,NA
13,2019-07-05T00:00:00Z,Search,Inference,1,7,NA,NA,NA,NA,NA,NA,NA,NA,NA,NA,NA,NA,5,7,16.366666666666667,NA,16.483333333333334,Other,La Jolla Colony,11.03,11.11,0.08000000000000007,NA,NA,NA
13,2019-07-05T00:00:00Z,Drive,Drive,11.75,22.32,1,12.69,0,FALSE,TRUE,0,FALSE,Food,Home,NA,NA,NA,5,7,16.483333333333334,16.533333333333335,16.9,Other,UTC,11.11,11.53,0.41999999999999993,34.11290322580645,NA,NA
13,2019-07-05T00:00:00Z,Return,Home,11.6,27,NA,NA,NA,NA,NA,NA,NA,NA,NA,NA,NA,NA,5,7,16.9,NA,17.35,Other,Liberty Station,11.53,11.96,0.4300000000000015,NA,NA,NA
14,2019-07-06T00:00:00Z,Search,Idle,0,8,NA,NA,NA,NA,NA,NA,NA,NA,NA,NA,NA,NA,6,7,18.616666666666667,NA,18.75,Other,La Jolla Shores,15.46,15.46,0,NA,NA,NA
14,2019-07-06T00:00:00Z,Drive,Drive,11.8,20.97,2,12.42,0,FALSE,FALSE,0,FALSE,Hotel,Leisure,NA,NA,NA,6,7,18.75,18.783333333333335,19.133333333333333,Other,La Jolla Shores,15.46,15.91,0.4499999999999993,35.53648068669528,NA,NA
14,2019-07-06T00:00:00Z,Search,Inference,1.6,19,NA,NA,NA,NA,NA,NA,NA,NA,NA,NA,NA,NA,6,7,19.133333333333333,NA,19.45,Other,Sunset Cliffs,15.91,15.98,0.07000000000000028,NA,NA,NA
14,2019-07-06T00:00:00Z,Drive,Drive,29.03,49.73,4,30.13,3.79,FALSE,TRUE,1,TRUE,Leisure,Home,NA,NA,NA,6,7,19.45,19.55,20.383333333333333,Other,Sunset Cliffs,15.98,17.12,1.1400000000000006,40.92499497285341,NA,NA
14,2019-07-06T00:00:00Z,Search,Idle,0,1,NA,NA,NA,NA,NA,NA,NA,NA,NA,NA,NA,NA,6,7,20.383333333333333,NA,20.4,Other,Otay Ranch,17.12,17.12,0,NA,NA,NA
14,2019-07-06T00:00:00Z,Drive,Drive,30.74,32.33,2,29.03,0,FALSE,TRUE,0,FALSE,Social,Home,NA,NA,NA,6,7,20.4,20.5,21.033333333333335,Other,Otay Ranch,17.12,18.14,1.0199999999999996,53.875657284256114,NA,NA
14,2019-07-06T00:00:00Z,Return,Home,2.2,9,NA,NA,NA,NA,NA,NA,NA,NA,NA,NA,NA,NA,6,7,21.033333333333335,NA,21.183333333333334,Other,La Jolla Colony,18.14,18.26,0.120000000000001,NA,NA,NA
15,2019-07-10T00:00:00Z,Search,Inference,9.8,27,NA,NA,NA,NA,NA,NA,NA,NA,NA,NA,NA,NA,3,7,12.1,NA,12.55,Other,UCSD,18.27,18.53,0.26000000000000156,NA,NA,NA
15,2019-07-10T00:00:00Z,Drive,Drive,8.31,23.75,4,10.77,0,FALSE,TRUE,1,TRUE,Hotel,Leisure,NA,NA,NA,3,7,12.55,12.583333333333334,12.983333333333333,Other,Old Town,18.53,19,0.46999999999999886,27.208421052631575,NA,NA
15,2019-07-10T00:00:00Z,Search,Inference,2.9,17,NA,NA,NA,NA,NA,NA,NA,NA,NA,NA,NA,NA,3,7,12.983333333333333,NA,13.266666666666667,Other,Balboa Park,19,19.03,0.030000000000001137,NA,NA,NA
15,2019-07-10T00:00:00Z,Drive,Drive,1.36,6.62,1,3,0,FALSE,TRUE,0,FALSE,Hotel,Food,NA,NA,NA,3,7,13.266666666666667,13.3,13.4,Other,Gaslamp,19.03,19.17,0.14000000000000057,27.190332326283986,NA,NA
15,2019-07-10T00:00:00Z,Search,Idle,0,7,NA,NA,NA,NA,NA,NA,NA,NA,NA,NA,NA,NA,3,7,13.4,NA,13.516666666666667,Other,Bankers Hill,19.17,19.17,0,NA,NA,NA
15,2019-07-10T00:00:00Z,Drive,Drive,5.89,15.45,2,7.33,3,FALSE,TRUE,1,TRUE,Work,Hotel,NA,NA,NA,3,7,13.516666666666667,13.55,13.8,AfternoonCommute,Marina,19.17,19.49,0.31999999999999673,40.116504854368934,NA,NA
15,2019-07-10T00:00:00Z,Search,Inference,6.4,17,NA,NA,NA,NA,NA,NA,NA,NA,NA,NA,NA,NA,3,7,13.8,NA,14.083333333333334,Other,South Park,19.49,19.73,0.240000000000002,NA,NA,NA
16,2019-07-17T00:00:00Z,Search,Idle,0,0,NA,NA,NA,NA,NA,NA,NA,NA,NA,NA,NA,NA,3,7,20.316666666666666,NA,20.316666666666666,Other,UCSD,4.29,4.29,0,NA,NA,NA
16,2019-07-17T00:00:00Z,Drive,Drive,4.34,16.6,4,6.57,0,FALSE,FALSE,0,FALSE,Food,Home,NA,NA,NA,3,7,20.316666666666666,20.516666666666666,20.783333333333335,Other,UCSD,4.29,4.68,0.3899999999999997,23.746987951807228,NA,NA
16,2019-07-17T00:00:00Z,Search,Idle,0.2,2,NA,NA,NA,NA,NA,NA,NA,NA,NA,NA,NA,NA,3,7,20.783333333333335,NA,20.816666666666666,Other,La Jolla Village,4.68,4.71,0.03000000000000025,NA,NA,NA
16,2019-07-17T00:00:00Z,Drive,Drive,15.25,21.2,1,14.72,4.17,FALSE,FALSE,0,TRUE,Hotel,Airport,NA,NA,NA,3,7,20.816666666666666,20.933333333333334,21.283333333333335,Other,UCSD,4.71,5.2,0.4900000000000002,53.462264150943405,NA,NA
16,2019-07-17T00:00:00Z,Search,Inference,0.1,1,NA,NA,NA,NA,NA,NA,NA,NA,NA,NA,NA,NA,3,7,21.283333333333335,NA,21.3,Other,Airport,5.2,5.22,0.019999999999999574,NA,NA,NA
16,2019-07-17T00:00:00Z,Drive,Drive,34.16,49.2,4,33.36,5.1,FALSE,TRUE,1,TRUE,Airport,Home,NA,NA,NA,3,7,21.3,21.416666666666668,22.233333333333334,Other,Airport,5.22,6.39,1.17,46.90243902439025,NA,NA
16,2019-07-17T00:00:00Z,Search,Home,24.9,40,NA,NA,NA,NA,NA,NA,NA,NA,NA,NA,NA,NA,3,7,22.233333333333334,NA,22.9,Other,Rancho Bernardo,6.39,7.15,0.7600000000000007,NA,NA,NA
17,2019-07-19T00:00:00Z,Search,Idle,0,0,NA,NA,NA,NA,NA,NA,NA,NA,NA,NA,NA,NA,5,7,15.433333333333334,NA,15.433333333333334,Other,UCSD,7.82,7.82,0,NA,NA,NA
17,2019-07-19T00:00:00Z,Drive,Drive,17.8,59.65,2,25.05,0,FALSE,TRUE,1,TRUE,Work,Airport,NA,NA,NA,5,7,15.433333333333334,15.533333333333333,16.533333333333335,EveningCommute,UCSD,7.82,8.76,0.9399999999999995,25.196982397317687,NA,NA
17,2019-07-19T00:00:00Z,Search,Inference,0.1,1,NA,NA,NA,NA,NA,NA,NA,NA,NA,NA,NA,NA,5,7,16.533333333333335,NA,16.55,Other,Airport,8.76,8.78,0.019999999999999574,NA,NA,NA
17,2019-07-19T00:00:00Z,Drive,Drive,11.25,36.75,1,15.61,3,FALSE,FALSE,0,FALSE,Airport,Home,NA,NA,NA,5,7,16.55,16.683333333333334,17.283333333333335,Other,Airport,8.78,9.39,0.6100000000000012,30.383673469387755,NA,NA
17,2019-07-19T00:00:00Z,Search,Idle,0.1,1,NA,NA,NA,NA,NA,NA,NA,NA,NA,NA,NA,NA,5,7,17.283333333333335,NA,17.3,Other,Lemon Grove,9.39,9.41,0.019999999999999574,NA,NA,NA
17,2019-07-19T00:00:00Z,Drive,Drive,0,0,NA,NA,NA,TRUE,NA,NA,NA,NA,NA,NA,NA,NA,5,7,17.3,17.316666666666666,17.316666666666666,Other,Lemon Grove,9.41,9.41,0,NA,NA,NA
17,2019-07-19T00:00:00Z,Search,Idle,0,3,NA,NA,NA,NA,NA,NA,NA,NA,NA,NA,NA,NA,5,7,17.316666666666666,NA,17.366666666666667,Other,Lemon Grove,9.41,9.41,0,NA,NA,NA
17,2019-07-19T00:00:00Z,Drive,Drive,6.95,11,1,7.03,0,FALSE,FALSE,0,TRUE,Work,Home,NA,NA,NA,5,7,17.366666666666667,17.433333333333334,17.616666666666667,EveningCommute,Lemon Grove,9.41,9.69,0.27999999999999936,38.345454545454544,NA,NA
17,2019-07-19T00:00:00Z,Search,Home,10.3,16,NA,NA,NA,NA,NA,NA,NA,NA,NA,NA,NA,NA,5,7,17.616666666666667,NA,17.883333333333333,Other,University Heights,9.69,10.03,0.33999999999999986,NA,NA,NA
18,2019-07-22T00:00:00Z,Search,Idle,0.2,2,NA,NA,NA,NA,NA,NA,NA,NA,NA,NA,NA,NA,1,7,17.2,NA,17.233333333333334,Other,Bay Ho,9.27,9.29,0.019999999999999574,NA,NA,NA
18,2019-07-22T00:00:00Z,Drive,Drive,32.98,40.23,1,30.57,0,FALSE,TRUE,0,FALSE,Home,Home,NA,NA,NA,1,7,17.233333333333334,17.333333333333332,18.016666666666666,Other,Bay Ho,9.29,10.42,1.1300000000000008,45.592841163310965,NA,NA
18,2019-07-22T00:00:00Z,Search,Idle,0.2,6,NA,NA,NA,NA,NA,NA,NA,NA,NA,NA,NA,NA,1,7,18.016666666666666,NA,18.116666666666667,Other,San Marcos,10.42,10.44,0.019999999999999574,NA,NA,NA
18,2019-07-22T00:00:00Z,Drive,Drive,2.06,8.77,1,3.31,0,FALSE,FALSE,0,FALSE,Leisure,Leisure,NA,NA,NA,1,7,18.116666666666667,18.233333333333334,18.366666666666667,Other,San Marcos,10.44,10.63,0.19000000000000128,22.64538198403649,NA,NA
18,2019-07-22T00:00:00Z,Search,None,0,0,NA,NA,NA,NA,NA,NA,NA,NA,NA,NA,NA,NA,1,7,18.366666666666667,NA,18.366666666666667,Other,San Marcos,10.63,10.63,0,NA,NA,NA
18,2019-07-22T00:00:00Z,Drive,Drive,3.7,9.1,1,4.46,0,FALSE,TRUE,0,TRUE,Work,Home,NA,NA,NA,1,7,18.366666666666667,18.5,18.65,EveningCommute,San Marcos,10.63,10.9,0.2699999999999996,29.40659340659341,NA,NA
18,2019-07-22T00:00:00Z,Search,Inference,11.3,55,NA,NA,NA,NA,NA,NA,NA,NA,NA,NA,NA,NA,1,7,18.65,NA,19.566666666666666,Other,San Marcos,10.9,11.29,0.3899999999999988,NA,NA,NA
18,2019-07-22T00:00:00Z,Search,Home,27.2,26,NA,NA,NA,NA,NA,NA,NA,NA,NA,NA,NA,NA,1,7,19.566666666666666,NA,20,Other,Carlsbad,11.29,12.09,0.8000000000000007,NA,NA,NA
19,2019-07-27T00:00:00Z,Search,Idle,0.1,3,NA,NA,NA,NA,NA,NA,NA,NA,NA,NA,NA,NA,6,7,19.333333333333332,NA,19.383333333333333,Other,Gaslamp,0.8,0.82,0.019999999999999907,NA,NA,NA
19,2019-07-27T00:00:00Z,Drive,Drive,0.35,3.25,4,3,2,FALSE,FALSE,0,FALSE,Hotel,Social,NA,NA,NA,6,7,19.383333333333333,19.483333333333334,19.533333333333335,Nightlife,Gaslamp,0.82,0.93,0.1100000000000001,92.30769230769229,NA,NA
19,2019-07-27T00:00:00Z,Search,Hotspot,4.5,16,NA,NA,NA,NA,NA,NA,NA,NA,NA,NA,NA,NA,6,7,19.533333333333335,NA,19.8,Other,Gaslamp,0.93,1.13,0.19999999999999984,NA,NA,NA
19,2019-07-27T00:00:00Z,Search,Idle,0,1,NA,NA,NA,NA,NA,NA,NA,NA,NA,NA,NA,NA,6,7,19.8,NA,19.816666666666666,Other,Old Town,1.13,1.13,0,NA,NA,NA
19,2019-07-27T00:00:00Z,Drive,Drive,12.79,18.25,3,12.45,3.73,FALSE,FALSE,0,TRUE,Home,Social,NA,NA,NA,6,7,19.816666666666666,19.916666666666668,20.216666666666665,Nightlife,Mission Hills,1.13,1.7,0.5700000000000001,53.1945205479452,NA,NA
19,2019-07-27T00:00:00Z,Search,None,0,0,NA,NA,NA,NA,NA,NA,NA,NA,NA,NA,NA,NA,6,7,20.216666666666665,NA,20.216666666666665,Other,Tierrasanta,1.7,1.7,0,NA,NA,NA
19,2019-07-27T00:00:00Z,Drive,Drive,14.76,21.83,3,14.54,5.38,FALSE,FALSE,0,TRUE,Home,Social,NA,NA,NA,6,7,20.216666666666665,20.333333333333332,20.633333333333333,Nightlife,Tierrasanta,1.7,2.28,0.5799999999999998,54.75034356390288,NA,NA
19,2019-07-27T00:00:00Z,Search,None,0,0,NA,NA,NA,NA,NA,NA,NA,NA,NA,NA,NA,NA,6,7,20.633333333333333,NA,20.633333333333333,Other,Ocean Beach,2.28,2.28,0,NA,NA,NA
19,2019-07-27T00:00:00Z,Drive,Drive,4.47,16.17,2,6.55,0,FALSE,TRUE,1,TRUE,Home,Social,NA,NA,NA,6,7,20.633333333333333,20.65,21.016666666666666,Nightlife,Ocean Beach,2.28,2.58,0.30000000000000027,24.304267161410014,NA,NA
19,2019-07-27T00:00:00Z,Search,Inference,1.1,10,NA,NA,NA,NA,NA,NA,NA,NA,NA,NA,NA,NA,6,7,21.016666666666666,NA,21.183333333333334,Other,Liberty Station,2.58,2.64,0.06000000000000005,NA,NA,NA
19,2019-07-27T00:00:00Z,Drive,Drive,3.96,10.45,4,4.94,0,FALSE,FALSE,0,FALSE,Food,Home,NA,NA,NA,6,7,21.183333333333334,21.283333333333335,21.466666666666665,Other,Liberty Station,2.64,2.89,0.25,28.36363636363637,NA,NA
19,2019-07-27T00:00:00Z,Search,Idle,0,1,NA,NA,NA,NA,NA,NA,NA,NA,NA,NA,NA,NA,6,7,21.466666666666665,NA,21.483333333333334,Other,East Village,2.89,2.89,0,NA,NA,NA
19,2019-07-27T00:00:00Z,Drive,Drive,14.79,22.77,2,14.77,5.65,FALSE,FALSE,0,TRUE,Leisure,Home,NA,NA,NA,6,7,21.483333333333334,21.583333333333332,21.966666666666665,Other,East Village,2.89,3.54,0.6499999999999999,53.80764163372859,NA,NA
19,2019-07-27T00:00:00Z,Search,Inference,0.8,4,NA,NA,NA,NA,NA,NA,NA,NA,NA,NA,NA,NA,6,7,21.966666666666665,NA,22.033333333333335,Other,La Mesa,3.54,3.58,0.040000000000000036,NA,NA,NA
19,2019-07-27T00:00:00Z,Drive,Drive,13.78,36.32,3,17.17,8.72,FALSE,TRUE,1,TRUE,Leisure,Social,NA,NA,NA,6,7,22.033333333333335,22.133333333333333,22.683333333333334,Nightlife,La Mesa,3.58,4.31,0.7299999999999995,42.769823788546255,NA,NA
19,2019-07-27T00:00:00Z,Search,Idle,0,0,NA,NA,NA,NA,NA,NA,NA,NA,NA,NA,NA,NA,6,7,22.683333333333334,NA,22.683333333333334,Other,Gaslamp,4.31,4.31,0,NA,NA,NA
19,2019-07-27T00:00:00Z,Drive,Drive,1.79,12.4,1,8.45,0,FALSE,TRUE,0,FALSE,Social,Hotel,NA,NA,NA,6,7,22.683333333333334,22.8,23.016666666666666,Other,Gaslamp,4.31,4.52,0.20999999999999996,40.887096774193544,NA,NA
19,2019-07-27T00:00:00Z,Return,Home,13.7,25,NA,NA,NA,NA,NA,NA,NA,NA,NA,NA,NA,NA,6,7,23.016666666666666,NA,23.433333333333334,Other,Marina,4.52,5,0.4800000000000004,NA,NA,NA
20,2019-08-04T00:00:00Z,Search,Inference,0.1,2,NA,NA,NA,NA,NA,NA,NA,NA,NA,NA,NA,NA,7,8,8.533333333333333,NA,8.566666666666666,Other,Bay Ho,0,0.04,0.04,NA,NA,NA
20,2019-08-04T00:00:00Z,Drive,Drive,10.27,19.52,1,11.09,0,FALSE,FALSE,0,TRUE,Home,Airport,NA,NA,NA,7,8,8.566666666666666,8.666666666666666,8.983333333333333,Other,Bay Ho,0.04,0.49,0.45,34.08811475409836,NA,NA
20,2019-08-04T00:00:00Z,Search,None,0,0,NA,NA,NA,NA,NA,NA,NA,NA,NA,NA,NA,NA,7,8,8.983333333333333,NA,8.983333333333333,Other,Airport,0.49,0.49,0,NA,NA,NA
20,2019-08-04T00:00:00Z,Drive,Drive,8.63,22.12,4,10.61,3.69,FALSE,FALSE,0,TRUE,Airport,Hotel,NA,NA,NA,7,8,8.983333333333333,9.066666666666666,9.433333333333334,Other,Airport,0.49,0.91,0.42000000000000004,38.7884267631103,NA,NA
20,2019-08-04T00:00:00Z,Search,None,0,0,NA,NA,NA,NA,NA,NA,NA,NA,NA,NA,NA,NA,7,8,9.433333333333334,NA,9.433333333333334,Other,Mission Beach,0.91,0.91,0,NA,NA,NA
20,2019-08-04T00:00:00Z,Drive,Drive,9.88,21.02,1,11.17,3.92,FALSE,FALSE,0,TRUE,Home,Airport,NA,NA,NA,7,8,9.433333333333334,9.516666666666667,9.866666666666667,Other,Pacific Beach,0.91,1.36,0.45000000000000007,43.0732635585157,NA,NA
20,2019-08-04T00:00:00Z,Search,Hotspot,2.2,5,NA,NA,NA,NA,NA,NA,NA,NA,NA,NA,NA,NA,7,8,9.866666666666667,NA,9.95,Other,Airport,1.36,1.47,0.10999999999999988,NA,NA,NA
20,2019-08-04T00:00:00Z,Search,Idle,0,10,NA,NA,NA,NA,NA,NA,NA,NA,NA,NA,NA,NA,7,8,9.95,NA,10.116666666666667,Other,Downtown,1.47,1.47,0,NA,NA,NA
20,2019-08-04T00:00:00Z,Drive,Drive,33.53,36,3,29.98,0,FALSE,FALSE,0,FALSE,Hotel,Leisure,3,2,3,7,8,10.116666666666667,10.166666666666666,10.766666666666667,Tourism,Downtown,1.47,2.59,1.1199999999999999,49.96666666666667,8,2.6666666666666665
20,2019-08-04T00:00:00Z,Search,None,0,0,NA,NA,NA,NA,NA,NA,NA,NA,NA,NA,NA,NA,7,8,10.766666666666667,NA,10.766666666666667,Other,Carlsbad,2.59,2.59,0,NA,NA,NA
20,2019-08-04T00:00:00Z,Drive,Drive,33.88,36.82,3,30.39,10.32,FALSE,FALSE,0,TRUE,Hotel,Airport,3,4,3,7,8,10.766666666666667,10.833333333333334,11.45,Other,Carlsbad,2.59,3.66,1.0700000000000003,66.33894622487777,10,3.3333333333333335
20,2019-08-04T00:00:00Z,Return,Home,15,25,NA,NA,NA,NA,NA,NA,NA,NA,NA,NA,NA,NA,7,8,11.45,NA,11.866666666666667,Other,Airport,3.66,4.17,0.5099999999999998,NA,NA,NA
21,2019-08-05T00:00:00Z,Search,Inference,2.9,11,NA,NA,NA,NA,NA,NA,NA,NA,NA,NA,NA,NA,1,8,14.883333333333333,NA,15.066666666666666,Other,University City,4.43,4.59,0.16000000000000014,NA,NA,NA
21,2019-08-05T00:00:00Z,Search,Idle,0,12,NA,NA,NA,NA,NA,NA,NA,NA,NA,NA,NA,NA,1,8,15.066666666666666,NA,15.266666666666667,Other,Eastgate,4.59,4.59,0,NA,NA,NA
21,2019-08-05T00:00:00Z,Drive,Drive,5.32,22,1,8.41,0,FALSE,FALSE,0,TRUE,Hotel,Hotel,4,4,4,1,8,15.266666666666667,15.333333333333334,15.7,Other,UTC,4.59,4.93,0.33999999999999986,22.936363636363634,12,4
21,2019-08-05T00:00:00Z,Search,Hotspot,0.8,6,NA,NA,NA,NA,NA,NA,NA,NA,NA,NA,NA,NA,1,8,15.7,NA,15.8,Other,UTC,4.93,4.98,0.05000000000000071,NA,NA,NA
21,2019-08-05T00:00:00Z,Drive,Drive,1.62,6.28,1,3,0,FALSE,TRUE,0,FALSE,Home,Food,3,4,2,1,8,15.8,15.85,15.95,Other,UTC,4.98,5.12,0.13999999999999968,28.6624203821656,9,3
21,2019-08-05T00:00:00Z,Return,Home,1.3,9,NA,NA,NA,NA,NA,NA,NA,NA,NA,NA,NA,NA,1,8,15.95,NA,16.1,Other,La Jolla Village,5.12,5.21,0.08999999999999986,NA,NA,NA
22,2019-08-11T00:00:00Z,Search,Inference,0.4,3,NA,NA,NA,NA,NA,NA,NA,NA,NA,NA,NA,NA,7,8,9.15,NA,9.2,Other,University City,1.41,1.45,0.040000000000000036,NA,NA,NA
22,2019-08-11T00:00:00Z,Drive,Drive,10.6,19.9,1,11.39,0,FALSE,FALSE,0,FALSE,Home,Leisure,NA,NA,NA,7,8,9.2,9.35,9.683333333333334,Other,University City,1.45,1.93,0.48,34.34170854271357,NA,NA
22,2019-08-11T00:00:00Z,Search,None,0,0,NA,NA,NA,NA,NA,NA,NA,NA,NA,NA,NA,NA,7,8,9.683333333333334,NA,9.683333333333334,Other,Marina,1.93,1.93,0,NA,NA,NA
22,2019-08-11T00:00:00Z,Drive,Drive,3.87,15.6,2,6.04,0,FALSE,FALSE,0,TRUE,Hotel,Airport,NA,NA,NA,7,8,9.683333333333334,9.783333333333333,10.033333333333333,Other,Marina,1.93,2.21,0.28,23.23076923076923,NA,NA
22,2019-08-11T00:00:00Z,Search,Idle,0,1,NA,NA,NA,NA,NA,NA,NA,NA,NA,NA,NA,NA,7,8,10.033333333333333,NA,10.05,Other,Airport,2.21,2.21,0,NA,NA,NA
22,2019-08-11T00:00:00Z,Drive,Drive,8.07,16.6,1,9,4.48,FALSE,FALSE,0,TRUE,Airport,Leisure,3,3,4,7,8,10.05,10.1,10.383333333333333,Other,Airport,2.21,2.55,0.33999999999999986,48.722891566265055,10,3.3333333333333335
22,2019-08-11T00:00:00Z,Search,Hotspot,5.2,10,NA,NA,NA,NA,NA,NA,NA,NA,NA,NA,NA,NA,7,8,10.383333333333333,NA,10.55,Other,Barrio Logan,2.55,2.76,0.20999999999999996,NA,NA,NA
22,2019-08-11T00:00:00Z,Search,Idle,0.5,1,NA,NA,NA,NA,NA,NA,NA,NA,NA,NA,NA,NA,7,8,10.55,NA,10.566666666666666,Other,North Park,2.76,2.78,0.020000000000000018,NA,NA,NA
22,2019-08-11T00:00:00Z,Drive,Drive,1.08,4.38,1,3,0,FALSE,TRUE,0,FALSE,Food,Home,3,3,4,7,8,10.566666666666666,10.616666666666667,10.683333333333334,Other,North Park,2.78,2.87,0.0900000000000003,41.0958904109589,10,3.3333333333333335
22,2019-08-11T00:00:00Z,Search,Idle,0,1,NA,NA,NA,NA,NA,NA,NA,NA,NA,NA,NA,NA,7,8,10.683333333333334,NA,10.7,Other,South Park,2.87,2.87,0,NA,NA,NA
22,2019-08-11T00:00:00Z,Drive,Drive,3.42,11.8,2,4.88,5,FALSE,TRUE,0,TRUE,Hotel,Leisure,5,5,4,7,8,10.7,10.766666666666667,10.95,Tourism,South Park,2.87,3.14,0.27,50.23728813559321,14,4.666666666666667
22,2019-08-11T00:00:00Z,Search,Hotspot,4,10,NA,NA,NA,NA,NA,NA,NA,NA,NA,NA,NA,NA,7,8,10.95,NA,11.116666666666667,Other,Balboa,3.14,3.28,0.13999999999999968,NA,NA,NA
22,2019-08-11T00:00:00Z,Drive,Drive,2.41,8.95,2,3.59,2,FALSE,FALSE,0,TRUE,Hotel,Food,NA,NA,NA,7,8,11.116666666666667,11.233333333333333,11.383333333333333,Tourism,Mission Valley,3.28,3.47,0.1900000000000004,37.47486033519554,NA,NA
22,2019-08-11T00:00:00Z,Search,Hotspot,2.4,8,NA,NA,NA,NA,NA,NA,NA,NA,NA,NA,NA,NA,7,8,11.383333333333333,NA,11.516666666666667,Other,Midway District,3.47,3.6,0.1299999999999999,NA,NA,NA
22,2019-08-11T00:00:00Z,Drive,Drive,4.14,16.93,2,6.51,0,FALSE,FALSE,0,TRUE,Leisure,Social,NA,NA,NA,7,8,11.516666666666667,11.716666666666667,12,Other,Ocean Beach,3.6,3.98,0.3799999999999999,23.071470761961017,NA,NA
22,2019-08-11T00:00:00Z,Return,Home,11.4,25,NA,NA,NA,NA,NA,NA,NA,NA,NA,NA,NA,NA,7,8,12,NA,12.416666666666666,Other,Mission Bay,3.98,4.42,0.43999999999999995,NA,NA,NA
23,2019-08-13T00:00:00Z,Search,Idle,0.7,7,NA,NA,NA,NA,NA,NA,NA,NA,NA,NA,NA,NA,2,8,6.766666666666667,NA,6.883333333333333,Other,University City,4.77,4.82,0.05000000000000071,NA,NA,NA
23,2019-08-13T00:00:00Z,Drive,Drive,7.27,14.65,3,8.05,0,FALSE,FALSE,0,FALSE,Home,Work,3,3,5,2,8,6.883333333333333,7,7.233333333333333,MorningCommute,University City,4.82,5.19,0.3700000000000001,32.96928327645051,11,3.6666666666666665
23,2019-08-13T00:00:00Z,Search,Idle,0,2,NA,NA,NA,NA,NA,NA,NA,NA,NA,NA,NA,NA,2,8,7.233333333333333,NA,7.266666666666667,Other,UCSD,5.19,5.19,0,NA,NA,NA
23,2019-08-13T00:00:00Z,Drive,Drive,7.68,21.17,2,9.77,0,FALSE,TRUE,1,TRUE,Home,Work,4,2,5,2,8,7.266666666666667,7.383333333333334,7.733333333333333,MorningCommute,La Jolla Colony,5.19,5.67,0.47999999999999954,27.690127538970238,11,3.6666666666666665
23,2019-08-13T00:00:00Z,Search,None,0,1,NA,NA,NA,NA,NA,NA,NA,NA,NA,NA,NA,NA,2,8,7.733333333333333,NA,7.75,Other,Sorrento Valley,5.67,5.67,0,NA,NA,NA
23,2019-08-13T00:00:00Z,Drive,Drive,5.18,13.15,2,6.34,0,FALSE,FALSE,0,FALSE,Home,School,2,4,4,2,8,7.75,7.833333333333333,8.05,Other,Sorrento Valley,5.67,5.99,0.3200000000000003,28.927756653992393,10,3.3333333333333335
23,2019-08-13T00:00:00Z,Search,Home,7.6,15,NA,NA,NA,NA,NA,NA,NA,NA,NA,NA,NA,NA,2,8,8.05,NA,8.3,Other,UCSD,5.99,6.18,0.1899999999999995,NA,NA,NA
24,2019-08-14T00:00:00Z,Search,Inference,2.7,13,NA,NA,NA,NA,NA,NA,NA,NA,NA,NA,NA,NA,3,8,14.566666666666666,NA,14.783333333333333,Other,University City,7.03,7.17,0.13999999999999968,NA,NA,NA
24,2019-08-14T00:00:00Z,Search,Idle,0.2,2,NA,NA,NA,NA,NA,NA,NA,NA,NA,NA,NA,NA,3,8,14.783333333333333,NA,14.816666666666666,Other,UTC,7.17,7.19,0.020000000000000462,NA,NA,NA
24,2019-08-14T00:00:00Z,Drive,Drive,0.93,6.4,1,3,0,FALSE,FALSE,0,FALSE,Home,Social,3,2,5,3,8,14.816666666666666,14.916666666666666,15.016666666666667,Other,UTC,7.19,7.34,0.14999999999999947,28.125,10,3.3333333333333335
24,2019-08-14T00:00:00Z,Search,None,0,0,NA,NA,NA,NA,NA,NA,NA,NA,NA,NA,NA,NA,3,8,15.016666666666667,NA,15.016666666666667,Other,UTC,7.34,7.34,0,NA,NA,NA
24,2019-08-14T00:00:00Z,Drive,Drive,15.12,55.43,3,22.33,0,FALSE,TRUE,1,TRUE,Work,Home,4,1,4,3,8,15.016666666666667,15.1,16.016666666666666,EveningCommute,UTC,7.34,8.12,0.7799999999999994,24.17102651993505,9,3
24,2019-08-14T00:00:00Z,Search,Hotspot,2.7,8,NA,NA,NA,NA,NA,NA,NA,NA,NA,NA,NA,NA,3,8,16.016666666666666,NA,16.15,Other,City Heights,8.12,8.23,0.11000000000000121,NA,NA,NA
24,2019-08-14T00:00:00Z,Drive,Drive,5.58,8.95,1,5.65,2,FALSE,FALSE,0,FALSE,Lesiure,Leisure,3,3,4,3,8,16.15,16.2,16.35,Other,City Heights,8.23,8.45,0.21999999999999886,51.284916201117326,10,3.3333333333333335
24,2019-08-14T00:00:00Z,Search,None,0,0,NA,NA,NA,NA,NA,NA,NA,NA,NA,NA,NA,NA,3,8,16.35,NA,16.35,Other,East Village,8.45,8.45,0,NA,NA,NA
24,2019-08-14T00:00:00Z,Drive,Drive,1.6,8.81,1,3.03,2,FALSE,FALSE,0,TRUE,Leisure,Home,5,3,4,3,8,16.35,16.416666666666668,16.566666666666666,Other,East Village,8.45,8.62,0.16999999999999993,34.25652667423382,12,4
24,2019-08-14T00:00:00Z,Search,Idle,0.4,2,NA,NA,NA,NA,NA,NA,NA,NA,NA,NA,NA,NA,3,8,16.566666666666666,NA,16.6,Other,Bankers Hill,8.62,8.65,0.030000000000001137,NA,NA,NA
24,2019-08-14T00:00:00Z,Drive,Drive,1.08,4.55,3,3,0,FALSE,FALSE,0,FALSE,Work,Social,3,2,2,3,8,16.6,16.65,16.716666666666665,EveningCommute,Bankers Hill,8.65,8.75,0.09999999999999964,39.56043956043956,7,2.3333333333333335
24,2019-08-14T00:00:00Z,Search,Idle,0,0,NA,NA,NA,NA,NA,NA,NA,NA,NA,NA,NA,NA,3,8,16.716666666666665,NA,16.716666666666665,Other,Downtown,8.75,8.75,0,NA,NA,NA
24,2019-08-14T00:00:00Z,Drive,Drive,2.52,12.43,1,4.44,0,FALSE,TRUE,0,FALSE,Work,Home,3,4,2,3,8,16.716666666666665,16.85,17.05,EveningCommute,Bankers Hill,8.75,8.99,0.2400000000000002,21.432019308125508,9,3
24,2019-08-14T00:00:00Z,Search,Hotspot,1.2,3,NA,NA,NA,NA,NA,NA,NA,NA,NA,NA,NA,NA,3,8,17.05,NA,17.1,Other,South Park,8.99,9.05,0.0600000000000005,NA,NA,NA
24,2019-08-14T00:00:00Z,Drive,Drive,1.41,9.35,1,3.02,3,FALSE,FALSE,0,TRUE,Home,Social,5,3,2,3,8,17.1,17.15,17.316666666666666,Other,East Village,9.05,9.18,0.129999999999999,38.63101604278074,10,3.3333333333333335
24,2019-08-14T00:00:00Z,Search,None,0,0,NA,NA,NA,NA,NA,NA,NA,NA,NA,NA,NA,NA,3,8,17.316666666666666,NA,17.316666666666666,Other,Marina,9.18,9.18,0,NA,NA,NA
24,2019-08-14T00:00:00Z,Drive,Drive,3.26,17.1,1,5.98,1,FALSE,FALSE,0,FALSE,Work,Home,2,2,1,3,8,17.316666666666666,17.366666666666667,17.65,EveningCommute,Downtown,9.18,9.46,0.28000000000000114,24.49122807017544,5,1.6666666666666667
24,2019-08-14T00:00:00Z,Search,Home,0,1,NA,NA,NA,NA,NA,NA,NA,NA,NA,NA,NA,NA,3,8,17.65,NA,17.666666666666668,Other,North Park,9.46,9.46,0,NA,NA,NA
24,2019-08-14T00:00:00Z,Drive,Drive,1.66,7.38,2,3,0,FALSE,FALSE,0,TRUE,Home,Food,4,2,1,3,8,17.666666666666668,17.75,17.866666666666667,Other,North Park,9.46,9.64,0.17999999999999972,24.390243902439025,7,2.3333333333333335
24,2019-08-14T00:00:00Z,Return,Home,8.1,16,NA,NA,NA,NA,NA,NA,NA,NA,NA,NA,NA,NA,3,8,17.866666666666667,NA,18.133333333333333,Other,Normal Heights,9.64,9.91,0.2699999999999996,NA,NA,NA
25,2019-08-20T00:00:00Z,Search,Inference,0.6,5,NA,NA,NA,NA,NA,NA,NA,NA,NA,NA,NA,NA,2,8,15.383333333333333,NA,15.466666666666667,Other,University City,15.78,15.84,0.0600000000000005,NA,NA,NA
25,2019-08-20T00:00:00Z,Drive,Drive,11.93,28.83,1,14.27,0,FALSE,FALSE,0,FALSE,Work,Hotel,3,2,4,2,8,15.466666666666667,15.533333333333333,16.016666666666666,EveningCommute,University City,15.84,16.32,0.4800000000000004,29.698231009365248,9,3
25,2019-08-20T00:00:00Z,Search,Inference,2.4,12,NA,NA,NA,NA,NA,NA,NA,NA,NA,NA,NA,NA,2,8,16.016666666666666,NA,16.216666666666665,Other,Marina,16.32,16.5,0.17999999999999972,NA,NA,NA
25,2019-08-20T00:00:00Z,Search,Idle,0,13,NA,NA,NA,NA,NA,NA,NA,NA,NA,NA,NA,NA,2,8,16.216666666666665,NA,16.433333333333334,Other,Airport,16.5,16.5,0,NA,NA,NA
25,2019-08-20T00:00:00Z,Drive,Drive,3.34,16.75,1,5.95,0,FALSE,FALSE,0,FALSE,Airport,Hotel,3,2,4,2,8,16.433333333333334,16.466666666666665,16.75,Other,Airport,16.5,16.77,0.2699999999999996,21.313432835820898,9,3
25,2019-08-20T00:00:00Z,Search,Inference,0,1,NA,NA,NA,NA,NA,NA,NA,NA,NA,NA,NA,NA,2,8,16.75,NA,16.766666666666666,Other,Little Italy,16.77,16.78,0.010000000000001563,NA,NA,NA
25,2019-08-20T00:00:00Z,Drive,Drive,16.18,43.32,2,20.3,0,FALSE,TRUE,1,FALSE,Leisure,Leisure,3,2,3,2,8,16.766666666666666,16.866666666666667,17.6,Other,Little Italy,16.78,17.56,0.7799999999999976,28.11634349030471,8,2.6666666666666665
25,2019-08-20T00:00:00Z,Search,Idle,0,0,NA,NA,NA,NA,NA,NA,NA,NA,NA,NA,NA,NA,2,8,17.6,NA,17.6,Other,La Jolla,17.56,17.56,0,NA,NA,NA
25,2019-08-20T00:00:00Z,Drive,Drive,0.68,3.2,2,3,0,FALSE,FALSE,0,TRUE,Hotel,Food,5,4,3,2,8,17.6,17.633333333333333,17.7,Other,La Jolla,17.56,17.63,0.07000000000000028,56.25,12,4
25,2019-08-20T00:00:00Z,Search,Idle,0.2,8,NA,NA,NA,NA,NA,NA,NA,NA,NA,NA,NA,NA,2,8,17.7,NA,17.833333333333332,Other,La Jolla,17.63,17.65,0.019999999999999574,NA,NA,NA
25,2019-08-20T00:00:00Z,Search,Home,5.3,11,NA,NA,NA,NA,NA,NA,NA,NA,NA,NA,NA,NA,2,8,17.833333333333332,NA,18.016666666666666,Other,La Jolla,17.65,17.9,0.25,NA,NA,NA
26,2019-08-23T00:00:00Z,Search,Inference,0.3,3,NA,NA,NA,NA,NA,NA,NA,NA,NA,NA,NA,NA,5,8,19.716666666666665,NA,19.766666666666666,Other,UTC,1.65,1.67,0.020000000000000018,NA,NA,NA
26,2019-08-23T00:00:00Z,Drive,Drive,2.95,17.98,1,5.98,3,FALSE,FALSE,0,TRUE,Hotel,Food,5,2,5,5,8,19.766666666666666,19.916666666666668,20.216666666666665,Other,UTC,1.67,1.98,0.31000000000000005,29.96662958843159,12,4
26,2019-08-23T00:00:00Z,Search,Idle,0.2,1,NA,NA,NA,NA,NA,NA,NA,NA,NA,NA,NA,NA,5,8,20.216666666666665,NA,20.233333333333334,Other,La Jolla Village,1.98,1.98,0,NA,NA,NA
26,2019-08-23T00:00:00Z,Drive,Drive,0.38,3.53,1,3,0,FALSE,FALSE,0,FALSE,Food,Hotel,2,4,5,5,8,20.233333333333334,20.3,20.35,Other,La Jolla Village,1.98,2.07,0.08999999999999986,50.991501416430594,11,3.6666666666666665
26,2019-08-23T00:00:00Z,Search,Inference,1.4,4,NA,NA,NA,NA,NA,NA,NA,NA,NA,NA,NA,NA,5,8,20.35,NA,20.416666666666668,Other,UCSD,2.07,2.14,0.07000000000000028,NA,NA,NA
26,2019-08-23T00:00:00Z,Drive,Drive,6.71,10.93,1,6.84,0,FALSE,TRUE,0,TRUE,Home,Social,4,4,5,5,8,20.416666666666668,20.45,20.633333333333333,Other,UTC,2.14,2.38,0.23999999999999977,37.548032936870996,13,4.333333333333333
26,2019-08-23T00:00:00Z,Search,Idle,0,1,NA,NA,NA,NA,NA,NA,NA,NA,NA,NA,NA,NA,5,8,20.633333333333333,NA,20.65,Other,Clairemont,2.38,2.38,0,NA,NA,NA
26,2019-08-23T00:00:00Z,Drive,Drive,1.53,4.9,1,3,0,FALSE,FALSE,0,TRUE,Home,Social,3,3,5,5,8,20.65,20.716666666666665,20.783333333333335,Other,Clairemont,2.38,2.5,0.1200000000000001,36.73469387755102,11,3.6666666666666665
26,2019-08-23T00:00:00Z,Search,Idle,0.5,3,NA,NA,NA,NA,NA,NA,NA,NA,NA,NA,NA,NA,5,8,20.783333333333335,NA,20.833333333333332,Other,Clairemont,2.5,2.54,0.040000000000000036,NA,NA,NA
26,2019-08-23T00:00:00Z,Drive,Drive,4.78,16,1,6.72,0,FALSE,FALSE,0,TRUE,Home,Social,5,4,4,5,8,20.833333333333332,20.883333333333333,21.15,Other,Clairemont,2.54,2.76,0.21999999999999975,25.2,13,4.333333333333333
26,2019-08-23T00:00:00Z,Search,Inference,1,6,NA,NA,NA,NA,NA,NA,NA,NA,NA,NA,NA,NA,5,8,21.15,NA,21.25,Other,Pacific Beach,2.76,2.82,0.06000000000000005,NA,NA,NA
26,2019-08-23T00:00:00Z,Drive,Drive,1.44,6.97,2,3,2,FALSE,FALSE,0,FALSE,Social,Home,3,3,3,5,8,21.25,21.283333333333335,21.4,Other,Pacific Beach,2.82,2.92,0.10000000000000009,43.04160688665711,9,3
26,2019-08-23T00:00:00Z,Search,Hotspot,6,21,NA,NA,NA,NA,NA,NA,NA,NA,NA,NA,NA,NA,5,8,21.4,NA,21.75,Other,Pacific Beach,2.92,3.18,0.26000000000000023,NA,NA,NA
26,2019-08-23T00:00:00Z,Search,Idle,0,5,NA,NA,NA,NA,NA,NA,NA,NA,NA,NA,NA,NA,5,8,21.75,NA,21.833333333333332,Other,Point Loma,3.18,3.18,0,NA,NA,NA
26,2019-08-23T00:00:00Z,Return,Home,11.3,16,NA,NA,NA,NA,NA,NA,NA,NA,NA,NA,NA,NA,5,8,21.833333333333332,NA,22.1,Other,Point Loma,3.18,3.57,0.3899999999999997,NA,NA,NA
27,2019-08-24T00:00:00Z,Search,Inference,0.3,3,NA,NA,NA,NA,NA,NA,NA,NA,NA,NA,NA,NA,6,8,19.783333333333335,NA,19.833333333333332,Other,University City,3.58,3.62,0.040000000000000036,NA,NA,NA
27,2019-08-24T00:00:00Z,Drive,Drive,0.37,3.13,1,3,0,FALSE,TRUE,0,TRUE,Leisure,Food,4,5,5,6,8,19.833333333333332,19.966666666666665,20.016666666666666,Other,University City,3.62,3.79,0.16999999999999993,57.50798722044729,14,4.666666666666667
27,2019-08-24T00:00:00Z,Search,Idle,0,1,NA,NA,NA,NA,NA,NA,NA,NA,NA,NA,NA,NA,6,8,20.016666666666666,NA,20.033333333333335,Other,La Jolla Shores,3.79,3.79,0,NA,NA,NA
27,2019-08-24T00:00:00Z,Drive,Drive,4.28,17.72,2,6.78,2,FALSE,FALSE,0,TRUE,Leisure,Hotel,5,5,5,6,8,20.033333333333335,20.116666666666667,20.4,Other,La Jolla,3.79,4.14,0.34999999999999964,29.72911963882619,15,5
27,2019-08-24T00:00:00Z,Search,Idle,0.1,2,NA,NA,NA,NA,NA,NA,NA,NA,NA,NA,NA,NA,6,8,20.4,NA,20.433333333333334,Other,UTC,4.14,4.14,0,NA,NA,NA
27,2019-08-24T00:00:00Z,Drive,Drive,4.22,5.9,1,4.08,0,FALSE,FALSE,0,FALSE,Work,Home,3,5,5,6,8,20.433333333333334,20.466666666666665,20.566666666666666,Other,UTC,4.14,4.31,0.16999999999999993,41.49152542372881,13,4.333333333333333
27,2019-08-24T00:00:00Z,Search,None,0,0,NA,NA,NA,NA,NA,NA,NA,NA,NA,NA,NA,NA,6,8,20.566666666666666,NA,20.566666666666666,Other,Clairemont,4.31,4.31,0,NA,NA,NA
27,2019-08-24T00:00:00Z,Drive,Drive,9.99,15.15,1,9.93,0,FALSE,FALSE,0,FALSE,Home,Social,3,3,4,6,8,20.566666666666666,20.65,20.9,Nightlife,Clairemont,4.31,4.66,0.35000000000000053,39.32673267326732,10,3.3333333333333335
27,2019-08-24T00:00:00Z,Search,Hotspot,2.5,12,NA,NA,NA,NA,NA,NA,NA,NA,NA,NA,NA,NA,6,8,20.9,NA,21.1,Other,Little Italy,4.66,4.78,0.1200000000000001,NA,NA,NA
27,2019-08-24T00:00:00Z,Drive,Drive,1.76,5.73,2,3,2,FALSE,FALSE,0,TRUE,Social,Home,3,2,4,6,8,21.1,21.133333333333333,21.216666666666665,Other,East Village,4.78,4.9,0.1200000000000001,52.35602094240838,9,3
27,2019-08-24T00:00:00Z,Search,Hotspot,0.2,2,NA,NA,NA,NA,NA,NA,NA,NA,NA,NA,NA,NA,6,8,21.216666666666665,NA,21.25,Other,Downtown,4.9,4.91,0.009999999999999787,NA,NA,NA
27,2019-08-24T00:00:00Z,Drive,Drive,1.06,9.47,2,3,0,FALSE,FALSE,0,TRUE,Home,Social,4,3,4,6,8,21.25,21.3,21.45,Nightlife,Bankers Hill,4.91,5.05,0.13999999999999968,19.007391763463566,11,3.6666666666666665
27,2019-08-24T00:00:00Z,Search,None,0,0,NA,NA,NA,NA,NA,NA,NA,NA,NA,NA,NA,NA,6,8,21.45,NA,21.45,Other,Little Italy,5.05,5.05,0,NA,NA,NA
27,2019-08-24T00:00:00Z,Drive,Drive,1.39,8.3,4,3,0,FALSE,FALSE,0,FALSE,Social,Social,3,2,3,6,8,21.45,21.5,21.633333333333333,Nightlife,Little Italy,5.05,5.18,0.1299999999999999,21.686746987951807,8,2.6666666666666665
27,2019-08-24T00:00:00Z,Search,None,0,0,NA,NA,NA,NA,NA,NA,NA,NA,NA,NA,NA,NA,6,8,21.633333333333333,NA,21.633333333333333,Other,Gaslamp,5.18,5.18,0,NA,NA,NA
27,2019-08-24T00:00:00Z,Drive,Drive,7.06,13.83,3,7.72,3,FALSE,FALSE,0,FALSE,Social,Home,3,3,3,6,8,21.633333333333333,21.683333333333334,21.9,Other,Gaslamp,5.18,5.5,0.3200000000000003,46.50759219088937,9,3
27,2019-08-24T00:00:00Z,Return,Home,10.2,16,NA,NA,NA,NA,NA,NA,NA,NA,NA,NA,NA,NA,6,8,21.9,NA,10.166666666666666,Other,Serra Mesa,5.5,5.79,0.29000000000000004,NA,NA,NA
